{
    "algorithm": "Q-Iteration",
    "iterations": 31,
    "convergence_time": 0.027086734771728516,
    "gamma": 0.95,
    "epsilon": 0.0001,
    "q_values": [
        [
            4.607879563107496,
            4.905474846680396,
            4.317904284300655,
            4.523940911338962
        ],
        [
            5.041672334701269,
            5.407484188467643,
            4.660138399359835,
            4.607879563107496
        ],
        [
            5.557169742492654,
            5.95757340972994,
            5.557169742492654,
            5.141622912871288
        ],
        [
            6.054187831251706,
            6.481098825503441,
            6.446347021086247,
            5.708183453329303
        ],
        [
            6.478958372440898,
            6.587788823286884,
            6.974566413874582,
            6.212753257952684
        ],
        [
            4.523940911338961,
            4.485676806617779,
            3.927852794762657,
            4.195701527810938
        ],
        [
            4.905474846680396,
            4.607879563107496,
            4.523940911338962,
            4.317904284300655
        ],
        [
            5.5584978993042915,
            6.420242770584998,
            6.122579267468435,
            4.830599148550371
        ],
        [
            6.214893711015227,
            6.99709746295439,
            6.770177668987889,
            6.518613046021047
        ],
        [
            6.589929276349427,
            7.151039958630471,
            7.626682069062341,
            6.672555541697129
        ],
        [
            4.121190513238901,
            3.5419957689644805,
            1.324309585660329,
            3.5419957689644805
        ],
        [
            4.656137555808315,
            6.096151335782038,
            6.034357724351766,
            4.136377225681444
        ],
        [
            6.313430612676235,
            6.699784698522843,
            6.6806865229098795,
            6.310702301874384
        ],
        [
            6.64645129119588,
            7.2117351491390895,
            3.805360348743206,
            5.966148352416179
        ],
        [
            7.1735710077102794,
            7.832135565569815,
            8.338714562836726,
            6.975631165495363
        ],
        [
            3.750520199883267,
            6.0017129083110445,
            5.449135781658089,
            1.5366365333821819
        ],
        [
            5.768918701904834,
            6.7189085437411755,
            6.43470891516534,
            1.9011104335978315
        ],
        [
            5.939720420729782,
            3.8050739523995563,
            7.183016046703495,
            6.434741441361055
        ],
        [
            6.933482898594109,
            8.416714413317628,
            8.413986102515775,
            6.914384722981145
        ],
        [
            7.417188645646563,
            8.66359973194615,
            9.15976559844751,
            4.178880817433688
        ],
        [
            1.8666488456797148,
            6.356157110345412,
            6.056032517263642,
            5.414674193739971
        ],
        [
            6.4020966253203335,
            7.594948259481246,
            7.06788683858084,
            6.09049410518176
        ],
        [
            6.9507899719350466,
            8.335699855691225,
            7.826829687675116,
            7.146438643400767
        ],
        [
            4.178594421090038,
            9.15976559844751,
            8.663313335602501,
            7.414897474897366
        ],
        [
            0.0,
            0.0,
            0.0,
            0.0
        ]
    ],
    "values": [
        4.905474846680396,
        5.407484188467643,
        5.95757340972994,
        6.481098825503441,
        6.974566413874582,
        4.523940911338961,
        4.905474846680396,
        6.420242770584998,
        6.99709746295439,
        7.626682069062341,
        4.121190513238901,
        6.096151335782038,
        6.699784698522843,
        7.2117351491390895,
        8.338714562836726,
        6.0017129083110445,
        6.7189085437411755,
        7.183016046703495,
        8.416714413317628,
        9.15976559844751,
        6.356157110345412,
        7.594948259481246,
        8.335699855691225,
        9.15976559844751,
        0.0
    ],
    "policy": [
        1,
        1,
        1,
        1,
        2,
        0,
        0,
        1,
        1,
        2,
        0,
        1,
        1,
        1,
        2,
        1,
        1,
        2,
        1,
        2,
        1,
        1,
        1,
        1,
        0
    ],
    "error_history": [
        7.49,
        6.394450000000001,
        5.398755,
        3.8433440587500023,
        3.317479563331251,
        2.6343440418565014,
        2.0165991441235893,
        1.5948674078210425,
        1.2675090668156508,
        1.0780052654191552,
        0.9881782537012833,
        0.8998457902071813,
        0.8026826940293761,
        0.6225118993648797,
        0.46265956819003273,
        0.31013980745533365,
        0.20271723308159162,
        0.1260754948251499,
        0.07714435967519728,
        0.04591155288978399,
        0.02702606410733921,
        0.015642832190712053,
        0.008985124386842624,
        0.005105174989038286,
        0.0028846940558069356,
        0.0016181151725689347,
        0.0009039500328333894,
        0.0005024156026767201,
        0.00027838171792593513,
        0.0001536842551246309,
        8.464242373129593e-05
    ]
}