{
    "algorithm": "Value Iteration",
    "iterations": 31,
    "convergence_time": 0.011943817138671875,
    "gamma": 0.95,
    "epsilon": 0.0001,
    "values": [
        4.905474846680396,
        5.407484188467643,
        5.95757340972994,
        6.481098825503441,
        6.974566413874582,
        4.523940911338961,
        4.905474846680396,
        6.420242770584998,
        6.99709746295439,
        7.626682069062341,
        4.121190513238901,
        6.096151335782038,
        6.699784698522843,
        7.2117351491390895,
        8.338714562836726,
        6.0017129083110445,
        6.7189085437411755,
        7.183016046703495,
        8.416714413317628,
        9.15976559844751,
        6.356157110345412,
        7.594948259481246,
        8.335699855691225,
        9.15976559844751,
        0.0
    ],
    "policy": [
        1,
        1,
        1,
        1,
        2,
        0,
        0,
        1,
        1,
        2,
        0,
        1,
        1,
        1,
        2,
        1,
        1,
        2,
        1,
        2,
        1,
        1,
        1,
        1,
        0
    ],
    "error_history": [
        7.49,
        6.394450000000001,
        4.420231750000002,
        3.770724396250001,
        3.214682654100001,
        2.383731083034001,
        1.7969337852933405,
        1.3517029309010637,
        1.159871075494352,
        1.055138731603345,
        0.9881782537012833,
        0.8998457902071813,
        0.7099788845319561,
        0.5378410392706234,
        0.3631787168470204,
        0.23933096534328735,
        0.1494323978039671,
        0.09183070868485288,
        0.05478154215240849,
        0.03232953945823169,
        0.01874127023665917,
        0.010782262037398738,
        0.006132703047076582,
        0.0034690577321585536,
        0.001947352817762038,
        0.001088698457271775,
        0.0006054285187557795,
        0.00033564196583668604,
        0.0001853710679897702,
        0.00010213494651978294,
        5.611800791527344e-05
    ]
}